{"Game":"Stellaris","IsSelected":true,"MergedFolderName":null,"ModNames":["Auto Auto-Explore","Automatic Pop Migration [2.8]","Ultimate Automation","Improved Planet and Sector Automation","Flat empire pop growth","No Growth Penalties for Prioritized Species [2.8.0]","Unlock More Building Slots","36 Building Slots","Exalted Domination - Vassals and Tributaries [3.0]","Planetary Diversity","Planetary Diversity - Exotic Worlds","Planetary Diversity - More Arcologies","Planetary Diversity - Unique Worlds","Planetary Diversity - Shroud Worlds","Planetary Diversity - Reworked Habitability","Astronomical Emblem Pack","Flags in the void","Bigger Planet View","UI Overhaul Dynamic","UI Overhaul Dynamic + Planetary Diversity","Immersive Keyboard Icons","Fleet Manager Overhaul 1080p","Main menu - Megastructure","Plentiful Traditions 3.x","Gigastructural Engineering & More (3.0)"],"Mods":["mod/ugc_785299768.mod","mod/ugc_2285978982.mod","mod/ugc_2250100617.mod","mod/ugc_1764704051.mod","mod/ugc_2459415874.mod","mod/ugc_1593243567.mod","mod/ugc_2458945473.mod","mod/ugc_1630649870.mod","mod/ugc_2464438188.mod","mod/ugc_819148835.mod","mod/ugc_1732437279.mod","mod/ugc_1732447147.mod","mod/ugc_1740165239.mod","mod/ugc_1960179456.mod","mod/ugc_1807850864.mod","mod/ugc_1302897684.mod","mod/ugc_1900830460.mod","mod/ugc_1587178040.mod","mod/ugc_1623423360.mod","mod/ugc_1623423504.mod","mod/ugc_2366712886.mod","mod/ugc_2031874432.mod","mod/ugc_2465515892.mod","mod/ugc_1311725711.mod","mod/ugc_1121692237.mod"],"Name":"FCWANG","PatchModEnabled":true}